timestamp,sensor_a,sensor_b
2024-01-01 00:00:00,58.05678639242501,35.50568695073325
2024-01-01 01:00:00,56.98228674385312,39.40691062892
2024-01-01 02:00:00,40.86826640969334,37.88254805370949
2024-01-01 03:00:00,60.36231494910015,34.301709063101676
2024-01-01 04:00:00,57.81514411718212,28.32223725221496
2024-01-01 05:00:00,52.05340667146977,34.45201703338236
2024-01-01 06:00:00,43.61378521599609,33.77266617464711
2024-01-01 07:00:00,42.84568431592194,35.30981166649167
2024-01-01 08:00:00,46.259347714950536,49.390250076234516
2024-01-01 09:00:00,57.25730727834984,30.26348380261637
2024-01-01 10:00:00,42.467321143791644,36.86953109129253
2024-01-01 11:00:00,56.587392837364995,41.374658623407726
2024-01-01 12:00:00,39.97957240423708,34.561663085538264
2024-01-01 13:00:00,50.53713811252471,50.21910897641205
2024-01-01 14:00:00,53.85052302517494,31.184788789069803
2024-01-01 15:00:00,77.37678781529148,36.074896348433015
2024-01-01 16:00:00,39.318692460145016,28.18818757100808
2024-01-01 17:00:00,67.97299031401252,31.29107014140431
2024-01-01 18:00:00,54.906617939989474,35.464567860425866
2024-01-01 19:00:00,57.66934598415496,39.61483071785274
2024-01-01 20:00:00,54.88436339986223,35.89143610454034
2024-01-01 21:00:00,58.28498569313247,42.4370586790469
2024-01-01 22:00:00,52.43103797262454,32.92240749056135
2024-01-01 23:00:00,68.63167463624595,31.224338014047092
2024-01-02 00:00:00,49.64264348179226,52.4382259985172
2024-01-02 01:00:00,65.63857936928291,36.22928279256602
2024-01-02 02:00:00,,28.39103156686749
2024-01-02 03:00:00,53.90881950648261,28.52385166118779
2024-01-02 04:00:00,43.877599373366586,26.739765637607242
2024-01-02 05:00:00,59.22536888692875,39.84788861253118
2024-01-02 06:00:00,69.19618266604326,30.69321142776818
2024-01-02 07:00:00,54.032916189913976,34.08593129294338
2024-01-02 08:00:00,52.89083251977747,32.69898832203991
2024-01-02 09:00:00,43.75829565443651,38.21178664019643
2024-01-02 10:00:00,,27.110580197114977
2024-01-02 11:00:00,39.04047090357565,25.45391346994005
2024-01-02 12:00:00,45.858695065832,34.49683662576645
2024-01-02 13:00:00,57.265739268342315,37.076036223718106
2024-01-02 14:00:00,68.18973904122834,35.13836785775124
2024-01-02 15:00:00,83.08476531499417,27.084566145200725
2024-01-02 16:00:00,49.111188938049814,37.43204287097198
2024-01-02 17:00:00,69.30578499722326,27.420361873967217
2024-01-02 18:00:00,57.357454538386165,28.913216919148617
2024-01-02 19:00:00,53.3660592615134,25.89179902709806
2024-01-02 20:00:00,59.154617786049016,41.541983606436396
2024-01-02 21:00:00,55.38959374484806,36.80117108756135
2024-01-02 22:00:00,55.8078610069355,36.53449166241417
2024-01-02 23:00:00,,40.96133768566754
2024-01-03 00:00:00,40.565390536139894,51.84975396114363
2024-01-03 01:00:00,39.01961690265855,
2024-01-03 02:00:00,60.889964790018595,26.85049279160403
2024-01-03 03:00:00,51.48459804823513,27.633533081586187
2024-01-03 04:00:00,48.17741276406814,25.91780621041375
2024-01-03 05:00:00,54.10287732710263,24.25643258961147
2024-01-03 06:00:00,61.83968851359588,29.627134618807105
2024-01-03 07:00:00,55.55979720876045,23.132922261259008
2024-01-03 08:00:00,47.05488004228195,33.918171291867324
2024-01-03 09:00:00,65.73135471625585,31.857806773298435
2024-01-03 10:00:00,69.1072552403255,34.785513734127115
2024-01-03 11:00:00,,34.894191234722896
2024-01-03 12:00:00,62.72899583396068,35.48233742356781
2024-01-03 13:00:00,65.24250689923932,28.568076853282776
2024-01-03 14:00:00,63.94954613463738,45.95008021497267
2024-01-03 15:00:00,58.610593264176686,32.66275288292993
2024-01-03 16:00:00,58.269833603927886,
2024-01-03 17:00:00,57.29576170057371,
2024-01-03 18:00:00,40.93492821479123,18.59466990876124
2024-01-03 19:00:00,58.721372971853455,30.817629188674648
2024-01-03 20:00:00,37.958862625573744,29.76144397202627
2024-01-03 21:00:00,43.37123541556655,27.252627892515093
2024-01-03 22:00:00,64.1508217481286,44.52538707782938
2024-01-03 23:00:00,59.31337801942004,34.20888609289372
2024-01-04 00:00:00,65.57958293715795,35.36563733679515
2024-01-04 01:00:00,47.78205502839548,23.682254420191533
2024-01-04 02:00:00,38.768643432495395,23.12248792349674
2024-01-04 03:00:00,47.67858749044331,30.290823420174117
2024-01-04 04:00:00,50.89495604342989,31.160903265083657
2024-01-04 05:00:00,50.456431446374395,16.872362443018492
2024-01-04 06:00:00,60.79582911491648,28.521142299945517
2024-01-04 07:00:00,45.63973917969541,29.798638141203522
2024-01-04 08:00:00,52.567504903651816,28.111061647544595
2024-01-04 09:00:00,38.95725944364383,23.840511349073854
2024-01-04 10:00:00,53.145081939125994,25.67483853323867
2024-01-04 11:00:00,48.47373033674504,28.131149041681702
2024-01-04 12:00:00,40.74795047870673,29.922615942672365
2024-01-04 13:00:00,45.69427381925078,33.438718679731984
2024-01-04 14:00:00,46.02067402548321,36.689677823532044
2024-01-04 15:00:00,44.97445476647099,26.982137442743962
2024-01-04 16:00:00,65.20702717973512,25.768780788717166
2024-01-04 17:00:00,46.331114164963715,31.945217089508873
2024-01-04 18:00:00,44.7032323045149,33.07778039011768
2024-01-04 19:00:00,25.999263800449686,25.683221547542278
2024-01-04 20:00:00,37.868532932620965,34.176691920592845
2024-01-04 21:00:00,44.02224162424779,35.42293651886688
2024-01-04 22:00:00,39.64262848858873,37.53016838247263
2024-01-04 23:00:00,60.172484070156706,40.85978953065227
2024-01-05 00:00:00,44.56660976949817,22.27049968319536
2024-01-05 01:00:00,58.96757791944102,28.35729204035283
2024-01-05 02:00:00,46.57412879791191,28.26429555160269
2024-01-05 03:00:00,46.21032579142583,27.424971375084603
2024-01-05 04:00:00,44.83827248668079,23.493600234815915
2024-01-05 05:00:00,45.6598076707157,17.567312307187365
2024-01-05 06:00:00,62.71300323935568,28.543690783385806
2024-01-05 07:00:00,,22.446046999510834
2024-01-05 08:00:00,25.3394700492594,28.35703711413041
2024-01-05 09:00:00,39.85018072793405,22.128298410760692
2024-01-05 10:00:00,45.36231938258781,19.921519277653008
2024-01-05 11:00:00,52.06153888330833,29.192774044451372
2024-01-05 12:00:00,49.843221391949264,28.543756196754515
2024-01-05 13:00:00,41.23022933579156,31.477989835413076
2024-01-05 14:00:00,55.23201757270378,42.660891370316826
2024-01-05 15:00:00,55.32103396909491,29.238846552256117
2024-01-05 16:00:00,46.84580372722601,30.6325398104494
2024-01-05 17:00:00,54.62661684549457,19.634384935656627
2024-01-05 18:00:00,47.7299886894444,18.11053403041861
2024-01-05 19:00:00,39.400873883455574,38.14151455626123
2024-01-05 20:00:00,52.01469267699929,20.541447538024876
2024-01-05 21:00:00,46.17209154721457,19.643594582353526
2024-01-05 22:00:00,45.11735962528164,26.624230933884746
2024-01-05 23:00:00,59.87999655369202,26.214643127249566
2024-01-06 00:00:00,,20.477879992709223
2024-01-06 01:00:00,31.09177751120437,24.61143934776831
2024-01-06 02:00:00,33.46936854959906,35.30412040924728
2024-01-06 03:00:00,41.78700891918073,21.010206525864238
2024-01-06 04:00:00,42.96102718493606,16.85157880133879
2024-01-06 05:00:00,30.529144922353577,33.16203842119126
2024-01-06 06:00:00,35.85374720975877,29.968049657702323
2024-01-06 07:00:00,37.207291830357676,22.137938635319216
2024-01-06 08:00:00,70.507593962921,15.36752461425941
2024-01-06 09:00:00,64.07547607579598,21.192998893259354
2024-01-06 10:00:00,42.07210863932511,25.986660107711334
2024-01-06 11:00:00,42.69193044682393,34.495100213458116
2024-01-06 12:00:00,34.98025840026509,19.046716661382547
2024-01-06 13:00:00,27.541652858130462,25.68015084967894
2024-01-06 14:00:00,45.6106758182501,30.96842026247938
2024-01-06 15:00:00,36.96306891756358,9.54578472579077
2024-01-06 16:00:00,46.26050347465836,33.42505063062103
2024-01-06 17:00:00,31.279388697979567,17.88693901445376
2024-01-06 18:00:00,39.838860029401125,28.465271868913277
2024-01-06 19:00:00,49.12644449609715,27.84697057773562
2024-01-06 20:00:00,51.48793477971399,33.692862271497596
2024-01-06 21:00:00,52.18999768745391,29.939489516628697
2024-01-06 22:00:00,35.00327275588487,9.425946744522033
2024-01-06 23:00:00,56.95101477502021,20.5591937709065
2024-01-07 00:00:00,40.60080554298686,27.00746591907118
2024-01-07 01:00:00,55.1326918212859,24.664270998168686
2024-01-07 02:00:00,48.90099196815275,29.363228902173088
2024-01-07 03:00:00,35.448492854179804,
2024-01-07 04:00:00,46.25674712888697,30.26594853197791
2024-01-07 05:00:00,53.27972693850239,24.502876484132834
2024-01-07 06:00:00,55.96375772200821,13.07619154182989
2024-01-07 07:00:00,48.63252731458178,22.811667224691753
2024-01-07 08:00:00,65.56842395542138,28.91583438335906
2024-01-07 09:00:00,60.53353645231648,18.371083460859055
2024-01-07 10:00:00,48.09888550339844,30.42782844118194
2024-01-07 11:00:00,58.372487626207466,32.37408169611826
2024-01-07 12:00:00,70.41353479232095,26.91155012974871
2024-01-07 13:00:00,70.88290929300925,4.5869007690744095
2024-01-07 14:00:00,39.19830928282083,17.098341401609964
2024-01-07 15:00:00,42.41065564952892,39.26160069297789
2024-01-07 16:00:00,66.71994402019462,22.247539429957037
2024-01-07 17:00:00,41.47946766554939,12.201033050828418
2024-01-07 18:00:00,39.024809035986294,34.75519593425412
2024-01-07 19:00:00,47.57231518946803,26.22207093377741
2024-01-07 20:00:00,56.81633419039425,33.88496303483254
2024-01-07 21:00:00,,28.112558939571226
2024-01-07 22:00:00,46.45413487753589,29.40889136352223
2024-01-07 23:00:00,46.382939757395725,28.766821030759147
2024-01-08 00:00:00,46.16156234946686,31.136591434283815
2024-01-08 01:00:00,44.64400314232853,42.22622907886625
2024-01-08 02:00:00,76.40362484203241,33.11291567399252
2024-01-08 03:00:00,56.70437637789799,15.28675043701326
2024-01-08 04:00:00,62.73235232393981,29.51059513210219
2024-01-08 05:00:00,49.10277452735479,34.410738168166816
2024-01-08 06:00:00,52.25583762319704,34.87724030494094
2024-01-08 07:00:00,47.09457600219114,23.511598771057884
2024-01-08 08:00:00,27.82040099890201,34.69346374457195
2024-01-08 09:00:00,40.65723084644171,33.0755705806658
2024-01-08 10:00:00,36.423273509584845,44.63300072322146
2024-01-08 11:00:00,,21.420836017743664
2024-01-08 12:00:00,42.73641014089267,23.16595853583878
2024-01-08 13:00:00,68.0076808834884,24.623268161273252
2024-01-08 14:00:00,54.373627181372264,23.38428893108586
2024-01-08 15:00:00,67.77512789646197,20.636823176052044
2024-01-08 16:00:00,59.02236470394062,7.580724101270818
2024-01-08 17:00:00,,23.930377536280616
2024-01-08 18:00:00,45.96402394251013,29.613915117307336
2024-01-08 19:00:00,60.229804795079914,23.632280334452357
2024-01-08 20:00:00,62.28607649781456,40.69019130886566
2024-01-08 21:00:00,,27.295083663865952
2024-01-08 22:00:00,60.5855833891582,36.29880091505131
2024-01-08 23:00:00,60.63467908729335,29.15287347153107
2024-01-09 00:00:00,49.451265021816084,33.170276685798356
2024-01-09 01:00:00,43.68450970518557,29.403746085113745
2024-01-09 02:00:00,43.02778662280112,37.09528446279147
2024-01-09 03:00:00,55.68254925137056,27.971183366568475
2024-01-09 04:00:00,58.02765391580815,31.119319227840442
2024-01-09 05:00:00,46.76409986950458,30.278692620942607
2024-01-09 06:00:00,54.87887446445769,25.7652436871391
2024-01-09 07:00:00,60.23404673119327,
2024-01-09 08:00:00,60.61837768712648,43.56456122184529
2024-01-09 09:00:00,69.85536482082325,26.102753670715654
2024-01-09 10:00:00,66.99893735358643,31.004331245488835
2024-01-09 11:00:00,44.10143894032968,36.94591285965547
2024-01-09 12:00:00,70.82829765849768,36.197423006954786
2024-01-09 13:00:00,48.55382250377703,28.37262923059268
2024-01-09 14:00:00,64.17676101319661,11.68259954610764
2024-01-09 15:00:00,54.26587314548962,32.05965539425219
2024-01-09 16:00:00,49.31626229099563,12.983506921788479
2024-01-09 17:00:00,35.20656920530567,38.887120830253636
2024-01-09 18:00:00,51.40797466660748,29.862219469341273
2024-01-09 19:00:00,37.364447214968436,35.75253734178145
2024-01-09 20:00:00,62.460796566676365,22.51949849060665
2024-01-09 21:00:00,67.78041618218569,18.046687338068935
2024-01-09 22:00:00,44.46353020428003,30.819954766559803
2024-01-09 23:00:00,55.26827528637054,28.840320747875296
2024-01-10 00:00:00,44.80667720612903,25.71603101917672
2024-01-10 01:00:00,45.58419279000145,29.831083693808
2024-01-10 02:00:00,,48.69247441915321
2024-01-10 03:00:00,51.09115776756223,35.244365397310666
2024-01-10 04:00:00,68.6727547592927,36.831699438816194
2024-01-10 05:00:00,46.25146807342485,35.475513496118815
2024-01-10 06:00:00,60.86281075164706,40.00712383232121
2024-01-10 07:00:00,51.63772688395922,28.403472203628123
2024-01-10 08:00:00,58.414366275216075,15.433845307318622
2024-01-10 09:00:00,45.77721045820593,28.580351425608324
2024-01-10 10:00:00,49.544967650276604,35.665927426242305
2024-01-10 11:00:00,48.67726582750912,23.278504830857635
2024-01-10 12:00:00,41.26367324923308,28.915846958126593
2024-01-10 13:00:00,,25.391256146270173
2024-01-10 14:00:00,55.713030729550056,40.830983441453675
2024-01-10 15:00:00,54.9411122534315,35.645974631890034
2024-01-10 16:00:00,64.17197267352486,35.04338320663753
2024-01-10 17:00:00,63.09459398814177,34.91642193832656
2024-01-10 18:00:00,44.65295713339727,30.386836553805257
2024-01-10 19:00:00,51.936958475201095,32.11256281643689
2024-01-10 20:00:00,41.77757303439806,22.515147607002195
2024-01-10 21:00:00,48.05772587129957,15.587764476839483
2024-01-10 22:00:00,41.64104793359444,32.02445738657384
2024-01-10 23:00:00,63.657714390406234,33.322429734332864
2024-01-11 00:00:00,50.916875948982785,39.59950072083055
2024-01-11 01:00:00,44.92720803331398,42.21365780459439
2024-01-11 02:00:00,58.87631087782883,42.28342781322901
2024-01-11 03:00:00,25.07190842041247,24.385843223499982
2024-01-11 04:00:00,26.480566761057958,28.984127622020665
2024-01-11 05:00:00,54.429373895170166,34.88966811787119
2024-01-11 06:00:00,46.9311923291497,49.32734309210739
2024-01-11 07:00:00,48.69286802349851,42.040690915253265
2024-01-11 08:00:00,32.79295755569839,39.591033625818106
2024-01-11 09:00:00,45.699939685482875,29.11523300433967
2024-01-11 10:00:00,65.84979010091243,25.721052343418506
2024-01-11 11:00:00,53.946376499376704,37.49867989331721
2024-01-11 12:00:00,47.29858665156978,24.34371305932684
2024-01-11 13:00:00,41.11575814101496,30.450415646306308
2024-01-11 14:00:00,41.47314520394751,31.386232778728775
2024-01-11 15:00:00,24.047423504859054,43.409321017290075
2024-01-11 16:00:00,47.844425425021065,29.84433283871894
2024-01-11 17:00:00,53.659685172044185,15.319734016464277
2024-01-11 18:00:00,,35.99182231325611
2024-01-11 19:00:00,38.48941721276244,27.632717123268694
2024-01-11 20:00:00,33.49101477766641,32.88835132330487
2024-01-11 21:00:00,35.38278943736994,32.045941240882634
2024-01-11 22:00:00,45.5503742247731,30.798734791164456
2024-01-11 23:00:00,24.159445271092984,38.30765725306224
2024-01-12 00:00:00,51.142753350817124,22.104624948696088
2024-01-12 01:00:00,52.54386102761259,29.27375515411012
2024-01-12 02:00:00,42.50821589071057,37.738040218340906
2024-01-12 03:00:00,20.23473401277919,28.706821258930265
2024-01-12 04:00:00,35.1088169017836,21.79810319499438
2024-01-12 05:00:00,57.441759128513205,37.79264506769453
2024-01-12 06:00:00,17.381017205157967,41.026076608573725
2024-01-12 07:00:00,41.742346011187266,32.89973087858159
2024-01-12 08:00:00,33.48249408024999,19.537666061921005
2024-01-12 09:00:00,53.401315528658145,38.252844961802516
2024-01-12 10:00:00,38.685645645503705,21.737876010056645
2024-01-12 11:00:00,49.56541913030481,35.563263544890646
2024-01-12 12:00:00,51.27734331824879,27.232522895450963
2024-01-12 13:00:00,64.0894560393176,25.367500658322076
2024-01-12 14:00:00,43.80965370721998,30.43309840002764
2024-01-12 15:00:00,49.718615128449315,32.28194795555324
2024-01-12 16:00:00,31.233730977542688,29.092588162344008
2024-01-12 17:00:00,58.121332869866364,37.75842059562165
2024-01-12 18:00:00,38.75158664015051,30.548885014051194
2024-01-12 19:00:00,40.89493566567233,40.56498636089644
2024-01-12 20:00:00,46.431872753318665,35.70253458567737
2024-01-12 21:00:00,31.183188222303965,28.880473405935863
2024-01-12 22:00:00,49.262946805426445,27.729212741508924
2024-01-12 23:00:00,56.81837463425959,22.284090661739384
2024-01-13 00:00:00,50.24647364497074,
2024-01-13 01:00:00,31.60624035039778,31.381017805360212
2024-01-13 02:00:00,46.43955158532364,17.278534783831986
2024-01-13 03:00:00,55.28439337870779,30.15298655402097
2024-01-13 04:00:00,29.27438412526918,27.61314569665756
2024-01-13 05:00:00,37.50015659445283,44.965818790702166
2024-01-13 06:00:00,57.209839265909565,22.030608801943075
2024-01-13 07:00:00,51.344644357674895,23.872872553388213
2024-01-13 08:00:00,52.9650469917617,41.74266502131549
2024-01-13 09:00:00,67.64392474489856,43.479044713037815
2024-01-13 10:00:00,53.93980079521317,28.773919023894365
2024-01-13 11:00:00,56.03974393358559,29.569564632287687
2024-01-13 12:00:00,76.77584578542725,38.31144544877119
2024-01-13 13:00:00,47.738447243957104,17.70999628274668
2024-01-13 14:00:00,42.10598189145421,20.97150034240601
2024-01-13 15:00:00,54.57094299542505,32.033147614691934
2024-01-13 16:00:00,54.89055022162181,44.84420536781836
2024-01-13 17:00:00,45.44027788224893,30.939816906167223
2024-01-13 18:00:00,40.589025477607194,34.689709507158305
2024-01-13 19:00:00,74.21541893287558,41.91117257857018
2024-01-13 20:00:00,54.58744954300408,48.71261146407754
2024-01-13 21:00:00,44.19591152721657,29.914529074156214
2024-01-13 22:00:00,60.875182502214216,33.8209459561002
2024-01-13 23:00:00,50.81856357551474,46.67781471958281
2024-01-14 00:00:00,49.57202072095489,23.250955576572096
2024-01-14 01:00:00,57.910737240621025,41.08064492621237
2024-01-14 02:00:00,39.552387514139454,26.738908379664075
2024-01-14 03:00:00,56.176394235794916,34.56228497423469
2024-01-14 04:00:00,71.95398203311811,32.12283760395678
2024-01-14 05:00:00,57.65561951515967,27.089623827751634
2024-01-14 06:00:00,49.395933900756546,26.886878254118844
2024-01-14 07:00:00,48.24573223861877,35.67474339822775
2024-01-14 08:00:00,49.36635793943419,40.67824610934268
2024-01-14 09:00:00,51.07708050900348,32.76933539849516
2024-01-14 10:00:00,49.979313481152076,34.134702865986924
2024-01-14 11:00:00,63.05464245533478,37.606969651646644
2024-01-14 12:00:00,36.68683110066827,26.770693967665586
2024-01-14 13:00:00,62.75934043906731,38.71159682663052
2024-01-14 14:00:00,50.45570717128677,39.22934114627334
2024-01-14 15:00:00,58.12790089727025,51.67799734528881
2024-01-14 16:00:00,43.18682894390176,30.777059231441037
2024-01-14 17:00:00,67.83356749898326,30.158911375576935
2024-01-14 18:00:00,67.08626181576186,38.70247984946139
2024-01-14 19:00:00,64.30043597590372,39.00624189398357
2024-01-14 20:00:00,,29.478276291067367
2024-01-14 21:00:00,63.12036386684436,30.351722073674015
2024-01-14 22:00:00,58.92749163886302,36.91037363325899
2024-01-14 23:00:00,38.86754673962374,27.276609849749875
2024-01-15 00:00:00,54.71006294076619,30.141871101268116
2024-01-15 01:00:00,58.62256145814656,33.5873590606919
2024-01-15 02:00:00,60.55350934447172,39.87509638784489
2024-01-15 03:00:00,56.772243587911376,28.61339102062708
2024-01-15 04:00:00,57.91013874172819,19.889710822791383
2024-01-15 05:00:00,69.72345762709227,19.30983117534929
2024-01-15 06:00:00,67.22854460477062,23.848550249238773
2024-01-15 07:00:00,26.269893659967476,23.409539557096707
2024-01-15 08:00:00,51.7297194240562,31.45558096734797
2024-01-15 09:00:00,53.212743632208756,24.1507364354142
2024-01-15 10:00:00,37.28498213133813,27.487580757367745
2024-01-15 11:00:00,55.68616990475339,26.921187638069807
2024-01-15 12:00:00,67.16205300172848,29.188141667218826
2024-01-15 13:00:00,43.73081840247885,41.4601489302211
2024-01-15 14:00:00,57.87454923098508,36.766217688893896
2024-01-15 15:00:00,45.2585182513456,32.17453085567214
2024-01-15 16:00:00,47.596179103043326,28.7625866004026
2024-01-15 17:00:00,68.98029124176493,28.88442399937493
2024-01-15 18:00:00,48.66453061615522,34.13772789268344
2024-01-15 19:00:00,58.58888776849271,35.85833602137095
2024-01-15 20:00:00,35.12435003406925,25.34071203652664
2024-01-15 21:00:00,72.32281544406452,31.87354670838564
2024-01-15 22:00:00,59.58285087199878,17.32028896801703
2024-01-15 23:00:00,51.58184127665915,32.94639788314056
2024-01-16 00:00:00,59.006904300784534,36.721585965050906
2024-01-16 01:00:00,38.992200365835764,29.34759898490698
2024-01-16 02:00:00,64.74929303505017,43.94473872553778
2024-01-16 03:00:00,49.51265319523488,24.980817577549516
2024-01-16 04:00:00,50.535543176222674,32.591507682652136
2024-01-16 05:00:00,47.47894756462144,30.73812547152419
2024-01-16 06:00:00,46.40409681542685,30.20585975475802
2024-01-16 07:00:00,58.96858677694121,30.026338921089735
2024-01-16 08:00:00,54.38870927780688,31.494621225627228
2024-01-16 09:00:00,58.151706306751365,36.59856584871606
2024-01-16 10:00:00,51.34802532827746,40.22468924037985
2024-01-16 11:00:00,56.36722501764262,30.482212857456812
2024-01-16 12:00:00,46.843849970438605,36.12238993407844
2024-01-16 13:00:00,73.12497433343604,25.419841472881295
2024-01-16 14:00:00,34.942233569922585,35.610786750509185
2024-01-16 15:00:00,63.023713882282834,24.831938287520043
2024-01-16 16:00:00,63.88549882895303,37.71720688633939
2024-01-16 17:00:00,41.476561613464455,45.473746010988165
2024-01-16 18:00:00,72.08261434196552,29.061345510174462
2024-01-16 19:00:00,59.53687437109888,14.484837633273496
2024-01-16 20:00:00,59.08618055397443,25.91291351452646
2024-01-16 21:00:00,49.44891657626121,38.28944071857057
2024-01-16 22:00:00,46.791780373640684,33.454887842444315
2024-01-16 23:00:00,46.667099213337366,31.242961909703304
2024-01-17 00:00:00,52.46578937986985,36.47867835644942
2024-01-17 01:00:00,62.374140899142326,32.726859680381004
2024-01-17 02:00:00,49.98005791532054,37.77773597914835
2024-01-17 03:00:00,38.860299070798,35.60792338558771
2024-01-17 04:00:00,56.03034106736676,39.74251818066872
2024-01-17 05:00:00,56.81275612046497,31.52123964537505
2024-01-17 06:00:00,53.96718605038731,35.265964731469914
2024-01-17 07:00:00,54.69939943374139,26.6992060346965
2024-01-17 08:00:00,44.363731987181545,24.559315997104168
2024-01-17 09:00:00,37.61680537673443,40.63789532644549
2024-01-17 10:00:00,38.063816041627256,30.125503072604932
2024-01-17 11:00:00,30.235820085096492,34.168385172455096
2024-01-17 12:00:00,48.81055940361388,29.323188351070844
2024-01-17 13:00:00,45.46338397271954,24.274855409582273
2024-01-17 14:00:00,41.76121965259099,28.38150482769793
2024-01-17 15:00:00,16.474797145842338,38.28147813100622
2024-01-17 16:00:00,33.43458903726858,32.04186436330321
2024-01-17 17:00:00,57.000052142207764,16.101336234445803
2024-01-17 18:00:00,39.036572635329165,26.502234253525724
2024-01-17 19:00:00,49.18743041824729,40.413163237217745
2024-01-17 20:00:00,31.581010221163304,26.369585214677365
2024-01-17 21:00:00,59.78910265902205,15.192795075756642
2024-01-17 22:00:00,43.88393595042128,40.978427285416004
2024-01-17 23:00:00,48.15489774351932,32.43575829823814
2024-01-18 00:00:00,68.45081045941906,27.101862377571102
2024-01-18 01:00:00,60.30427656543581,24.926015018149805
2024-01-18 02:00:00,42.02951886098949,35.03746323301574
2024-01-18 03:00:00,39.126786828636426,23.6032784334294
2024-01-18 04:00:00,41.77592906930285,35.372249380195214
2024-01-18 05:00:00,50.11137700631278,31.068270461209213
2024-01-18 06:00:00,43.94982630069521,28.925309584947264
2024-01-18 07:00:00,41.04797502544748,28.17198218228276
2024-01-18 08:00:00,59.6792563916686,25.870680194429855
2024-01-18 09:00:00,43.881038754115494,34.358275806375445
2024-01-18 10:00:00,68.04336152558552,20.92601885243482
2024-01-18 11:00:00,45.98782605350822,
2024-01-18 12:00:00,62.97505391490648,31.177698125824328
2024-01-18 13:00:00,48.745001506994114,
2024-01-18 14:00:00,54.859731385995126,30.13692567659268
2024-01-18 15:00:00,38.05061334579115,29.580734896306602
2024-01-18 16:00:00,36.83389407125573,24.43567303997055
2024-01-18 17:00:00,,32.146095154727426
2024-01-18 18:00:00,55.430503225028886,26.270530880264676
2024-01-18 19:00:00,46.04595674266329,23.136844610565248
2024-01-18 20:00:00,32.885441755940505,24.322100919365422
2024-01-18 21:00:00,32.26015331752686,40.61003529007444
2024-01-18 22:00:00,31.711916541387613,14.282476108599841
2024-01-18 23:00:00,28.434575479095436,29.889127288451242
2024-01-19 00:00:00,47.339917360612496,14.601705959095273
2024-01-19 01:00:00,57.636288184305535,25.564295744440336
2024-01-19 02:00:00,46.3987499590997,23.25458320405664
2024-01-19 03:00:00,24.081837502543017,11.66443420621699
2024-01-19 04:00:00,44.937210385937384,28.954175463624225
2024-01-19 05:00:00,45.3811318956199,23.543561772432096
2024-01-19 06:00:00,68.13860798244512,
2024-01-19 07:00:00,32.78163748895821,32.03159039058421
2024-01-19 08:00:00,43.62523152257143,36.17754803095132
2024-01-19 09:00:00,64.77380937367737,36.542944750610445
2024-01-19 10:00:00,52.402306950857344,28.606026415295364
2024-01-19 11:00:00,53.726536167108286,26.3986908183692
2024-01-19 12:00:00,49.43344127789072,35.358035652401284
2024-01-19 13:00:00,51.78419626188244,37.82398946123637
2024-01-19 14:00:00,56.4606503886675,33.97036585936335
2024-01-19 15:00:00,40.79176953567254,19.43442298983124
2024-01-19 16:00:00,57.87122880206567,27.426126561351424
2024-01-19 17:00:00,35.56620164888772,29.086580777147297
2024-01-19 18:00:00,52.786721993821146,13.337635885134338
2024-01-19 19:00:00,51.4981249951609,29.287200083281085
2024-01-19 20:00:00,43.75595973478577,41.911074367318314
2024-01-19 21:00:00,49.90035391238981,30.479876856804015
2024-01-19 22:00:00,44.10990037497364,36.31614328485725
2024-01-19 23:00:00,39.825801831851685,27.286317915279604
2024-01-20 00:00:00,47.21323863217832,25.498783107327736
2024-01-20 01:00:00,39.91476981321381,28.6873388156623
2024-01-20 02:00:00,54.38624377707028,20.31650830461841
2024-01-20 03:00:00,39.85901657081431,19.291448487310834
2024-01-20 04:00:00,58.67888357195025,34.91430626577806
2024-01-20 05:00:00,39.94085809004198,35.67058460533696
2024-01-20 06:00:00,46.28618748042183,
2024-01-20 07:00:00,45.89320699275369,32.87332526254188
2024-01-20 08:00:00,65.57709937941748,25.50773100162235
2024-01-20 09:00:00,55.81088559098899,28.51591355974854
2024-01-20 10:00:00,50.568648640841076,29.38126320043704
2024-01-20 11:00:00,57.84651911175814,33.144331909724634
2024-01-20 12:00:00,31.955775875301125,26.788708197130347
2024-01-20 13:00:00,52.75948243767961,36.10826194676068
2024-01-20 14:00:00,73.3235402838662,28.43209818543675
2024-01-20 15:00:00,54.82363139070506,30.66619905257181
2024-01-20 16:00:00,54.32499004067906,20.4963790288552
2024-01-20 17:00:00,59.26650546821576,41.4737314329708
2024-01-20 18:00:00,62.874066813035235,29.687372459457688
2024-01-20 19:00:00,34.0693390348371,31.426622665397584
2024-01-20 20:00:00,37.33971290167058,15.21692967545774
2024-01-20 21:00:00,56.377636039982306,20.75543608495796
2024-01-20 22:00:00,47.23028259899931,35.221168768614405
2024-01-20 23:00:00,67.59602451459693,28.607348232904023
2024-01-21 00:00:00,51.412982354785896,13.247255739891706
2024-01-21 01:00:00,35.30044953225103,33.9578035341366
2024-01-21 02:00:00,42.03858397335454,22.930791226393325
2024-01-21 03:00:00,27.286738155373875,36.665402647472675
2024-01-21 04:00:00,52.4987147055157,
2024-01-21 05:00:00,53.00419902213751,28.32111899849359
2024-01-21 06:00:00,50.68299846000662,35.193885542813
2024-01-21 07:00:00,65.74744754330214,20.713111547643813
2024-01-21 08:00:00,66.96627957898245,20.101297501979317
2024-01-21 09:00:00,53.29097458166762,25.732678831122737
2024-01-21 10:00:00,33.65302936648932,32.95657507846912
2024-01-21 11:00:00,61.169209831396415,17.90965225164774
2024-01-21 12:00:00,60.53775125647975,15.610182398880943
2024-01-21 13:00:00,58.05716783328855,33.114280390077106
2024-01-21 14:00:00,64.74853727451742,23.190345913986974
2024-01-21 15:00:00,43.24738218524203,24.729695785731117
2024-01-21 16:00:00,74.93664219451888,14.542784596708564
2024-01-21 17:00:00,45.19981864582269,22.85384921513685
2024-01-21 18:00:00,62.2230114142629,27.621019063687513
2024-01-21 19:00:00,37.78577918787067,34.25493038434726
2024-01-21 20:00:00,45.276995432927094,22.412949333643063
2024-01-21 21:00:00,69.6557653288308,39.483418264391325
2024-01-21 22:00:00,51.78771956772101,23.1610375096974
2024-01-21 23:00:00,62.69295069886351,23.243319777299178
2024-01-22 00:00:00,56.55283207987274,38.85935515130065
2024-01-22 01:00:00,53.015988592739866,29.65178880926838
2024-01-22 02:00:00,67.57930810171895,24.38190365603135
2024-01-22 03:00:00,51.44261062020095,27.235415081113015
2024-01-22 04:00:00,35.863599569650574,37.86886083811619
2024-01-22 05:00:00,45.49398919604626,38.737459899930506
2024-01-22 06:00:00,58.88759555348095,22.83384455989044
2024-01-22 07:00:00,57.17419777627564,28.33234550774099
2024-01-22 08:00:00,37.38636473805852,29.33906020017149
2024-01-22 09:00:00,45.6460561418027,21.88342262100899
2024-01-22 10:00:00,46.89978620440056,28.476975425980022
2024-01-22 11:00:00,48.885105784856066,28.98419005276089
2024-01-22 12:00:00,38.59905912945547,37.009012662313026
2024-01-22 13:00:00,45.88878372746211,37.56055984473965
2024-01-22 14:00:00,44.69691860251293,26.885544079884948
2024-01-22 15:00:00,,27.774114628710606
2024-01-22 16:00:00,59.685301975913816,34.00392557086068
2024-01-22 17:00:00,49.93719618555234,25.3399335588379
2024-01-22 18:00:00,47.2736926614406,33.63935168148205
2024-01-22 19:00:00,52.39005082015969,28.986351941692078
2024-01-22 20:00:00,42.620053801427154,22.89890691122262
2024-01-22 21:00:00,39.11111718330839,23.069976412681942
2024-01-22 22:00:00,40.96985322149791,39.98048148561135
2024-01-22 23:00:00,,28.839422107097505
2024-01-23 00:00:00,38.32100545562527,41.50018144924038
2024-01-23 01:00:00,51.368112557636465,26.505571614573892
2024-01-23 02:00:00,56.836885493490136,32.22274064886364
2024-01-23 03:00:00,,47.0162401131689
2024-01-23 04:00:00,49.37819564870541,22.94887855094035
2024-01-23 05:00:00,46.72323517421424,17.148814817370603
2024-01-23 06:00:00,52.135234800021365,39.52238963744724
2024-01-23 07:00:00,48.390536725320764,24.81111331993264
2024-01-23 08:00:00,33.78627727269285,30.536090971711996
2024-01-23 09:00:00,35.50363505328254,26.661570932423466
2024-01-23 10:00:00,48.23027211663265,32.72176960687591
2024-01-23 11:00:00,58.0359366289908,24.272141844808953
2024-01-23 12:00:00,25.422253727267424,29.747177985103875
2024-01-23 13:00:00,50.84162157550447,34.2358922459668
2024-01-23 14:00:00,59.1053445622113,24.108977264529766
2024-01-23 15:00:00,45.508479048114644,26.345999216678962
2024-01-23 16:00:00,52.37551640772626,28.893814510760595
2024-01-23 17:00:00,39.68298145675537,21.40211794755883
2024-01-23 18:00:00,45.36589569593975,28.52362147130785
2024-01-23 19:00:00,30.202280054628023,32.39020348409479
2024-01-23 20:00:00,22.826068983095638,28.83818800427931
2024-01-23 21:00:00,55.561722531074984,29.811088412471054
2024-01-23 22:00:00,36.1553884156951,31.64636295942034
2024-01-23 23:00:00,41.328266591343755,27.269646207142596
2024-01-24 00:00:00,31.904475446422218,36.77065699608016
2024-01-24 01:00:00,31.561898486583036,42.05759545905386
2024-01-24 02:00:00,43.82344691737087,28.82674487138783
2024-01-24 03:00:00,38.173984429976656,35.54455264841442
2024-01-24 04:00:00,49.165262672784735,30.54067002177115
2024-01-24 05:00:00,49.83474323842018,34.84526397232618
2024-01-24 06:00:00,48.4498041634343,43.31517920108823
2024-01-24 07:00:00,47.567524684424555,35.98218723139922
2024-01-24 08:00:00,60.907772111471076,20.07346561539335
2024-01-24 09:00:00,34.41117914034721,35.730054216485875
2024-01-24 10:00:00,44.50332301455382,41.24574077318633
2024-01-24 11:00:00,56.35371259667264,31.126995910662547
2024-01-24 12:00:00,57.654987953483385,39.70892491635904
2024-01-24 13:00:00,30.783391488390272,27.968795690390817
2024-01-24 14:00:00,41.877589202338605,22.459738504556817
2024-01-24 15:00:00,58.59114752922979,33.90436326679204
2024-01-24 16:00:00,50.10818262547364,20.677244946085136
2024-01-24 17:00:00,47.0061086430319,31.349296620907957
2024-01-24 18:00:00,42.91130461751131,42.08938721389122
2024-01-24 19:00:00,41.293341799416375,19.765611294878052
2024-01-24 20:00:00,48.06519248475517,24.228574150567333
2024-01-24 21:00:00,42.71927303553677,26.010543741774498
2024-01-24 22:00:00,44.885497967461845,32.83984424685009
2024-01-24 23:00:00,46.17368008560398,30.76995467442914
2024-01-25 00:00:00,38.69139290503189,43.16937050680258
2024-01-25 01:00:00,50.8856768803553,40.099832828302965
2024-01-25 02:00:00,74.80680418693687,36.92879977834356
2024-01-25 03:00:00,28.00199193859435,34.522293485760756
2024-01-25 04:00:00,49.126823664621135,36.29496156094607
2024-01-25 05:00:00,38.40677774287767,27.54641104751198
2024-01-25 06:00:00,51.91161298552865,39.61714053421649
2024-01-25 07:00:00,46.73877513256448,25.867169125794522
2024-01-25 08:00:00,54.03383053083683,39.532343924659294
2024-01-25 09:00:00,58.318653513670284,42.01932933674443
2024-01-25 10:00:00,48.64206901484096,35.222397958195415
2024-01-25 11:00:00,58.19834814901536,32.541242293203865
2024-01-25 12:00:00,,36.60365274643841
2024-01-25 13:00:00,63.11825498490293,13.79595459018784
2024-01-25 14:00:00,51.13970975076163,35.96582971958829
2024-01-25 15:00:00,58.34741019256258,33.07831225847143
2024-01-25 16:00:00,35.55432750606996,33.53748110137561
2024-01-25 17:00:00,39.63339478764964,38.85600401046578
2024-01-25 18:00:00,49.59205916752717,33.40359538943316
2024-01-25 19:00:00,48.15712136763809,25.960526908214117
2024-01-25 20:00:00,51.35591340136281,32.96544240865415
2024-01-25 21:00:00,59.57066638929718,34.43971906155959
2024-01-25 22:00:00,31.275811213556654,34.78121597019289
2024-01-25 23:00:00,58.87056548727619,35.11823614970864
2024-01-26 00:00:00,49.4210603490904,41.266776431144194
2024-01-26 01:00:00,47.50743783818666,26.39361155745153
2024-01-26 02:00:00,35.04190867662216,35.22868268516413
2024-01-26 03:00:00,,43.02947792705406
2024-01-26 04:00:00,26.028516142982447,21.85714406756797
2024-01-26 05:00:00,,35.254670022425955
2024-01-26 06:00:00,35.6638928721419,29.895477645533855
2024-01-26 07:00:00,51.32586551548601,31.39240530499022
2024-01-26 08:00:00,49.80455961611759,27.646245740541225
2024-01-26 09:00:00,62.894861715433954,32.783836195957306
2024-01-26 10:00:00,49.61407867573819,46.84855012171903
2024-01-26 11:00:00,44.657963579642484,25.096099323331718
2024-01-26 12:00:00,46.72926481039881,
2024-01-26 13:00:00,64.716945661583,24.803138872749628
2024-01-26 14:00:00,57.5404627753995,45.99084005918754
2024-01-26 15:00:00,48.50678855487324,30.64307312811005
2024-01-26 16:00:00,50.18011746650893,33.67883292966813
2024-01-26 17:00:00,37.04988701893949,31.016006498137124
2024-01-26 18:00:00,56.77875177495416,27.20004302311144
2024-01-26 19:00:00,35.46318093547414,32.13881071027207
2024-01-26 20:00:00,60.74131686271758,50.9647898641365
2024-01-26 21:00:00,54.665987033206655,43.472169838096704
2024-01-26 22:00:00,77.39984119864981,27.726079578746514
2024-01-26 23:00:00,42.673391613617994,38.19702954845788
2024-01-27 00:00:00,52.78617134199168,27.80912771713615
2024-01-27 01:00:00,71.92709588978876,21.15941458119275
2024-01-27 02:00:00,65.98269530003503,40.693205569854996
2024-01-27 03:00:00,47.224195532825746,41.63837654578141
2024-01-27 04:00:00,56.536240625487174,40.799663113840104
2024-01-27 05:00:00,54.41935196158705,30.146302160138745
2024-01-27 06:00:00,57.31407245700391,32.2244993275702
2024-01-27 07:00:00,47.595062962359734,38.59538676373788
2024-01-27 08:00:00,53.76806335435563,36.041145921580274
2024-01-27 09:00:00,38.752052380377144,30.49742460083719
2024-01-27 10:00:00,56.14690431422633,21.87018560665399
2024-01-27 11:00:00,59.350645581023166,33.950225714597586
2024-01-27 12:00:00,52.62259408908074,40.65420935516995
2024-01-27 13:00:00,38.784128539828906,
2024-01-27 14:00:00,64.8492394648282,37.464527937288636
2024-01-27 15:00:00,58.62983793549294,35.25807883437528
2024-01-27 16:00:00,47.73645075189072,38.131124695922665
2024-01-27 17:00:00,52.19393803301731,38.92546524370149
2024-01-27 18:00:00,39.987910046125734,27.900705320131014
2024-01-27 19:00:00,44.72649443552237,21.38237275551644
2024-01-27 20:00:00,49.579828272450676,28.90440611489166
2024-01-27 21:00:00,67.21088958903952,38.79974287890998
2024-01-27 22:00:00,48.49183525852487,28.71751524235403
2024-01-27 23:00:00,61.240710541369694,27.587840171034554
2024-01-28 00:00:00,49.39871761340672,19.6302302597671
2024-01-28 01:00:00,57.19636027111502,44.580721939280394
2024-01-28 02:00:00,53.22974681054724,38.02368743360386
2024-01-28 03:00:00,63.293024186261746,37.56349290934634
2024-01-28 04:00:00,49.12518136805044,38.877884206480196
2024-01-28 05:00:00,38.65108380190217,36.069437410994745
2024-01-28 06:00:00,40.45235078098129,30.249967154715613
2024-01-28 07:00:00,48.841125630002914,30.740859892411716
2024-01-28 08:00:00,41.5501393326594,28.8203784780786
2024-01-28 09:00:00,58.016683509169155,50.181847713381295
2024-01-28 10:00:00,49.123910882972986,35.55462545332706
2024-01-28 11:00:00,77.38812289596729,28.340495079738552
2024-01-28 12:00:00,36.119054206904174,34.768743703553135
2024-01-28 13:00:00,55.38060579410652,24.3566965007746
2024-01-28 14:00:00,41.907012429367015,41.886216753911796
2024-01-28 15:00:00,48.08926652621508,26.648488908131533
2024-01-28 16:00:00,54.268963938510716,34.704319674620564
2024-01-28 17:00:00,29.42758925189002,38.57879473029658
2024-01-28 18:00:00,54.87144359754235,33.730076036994724
2024-01-28 19:00:00,71.34979130730032,31.61728113707668
2024-01-28 20:00:00,47.59983951661627,30.95048584338437
2024-01-28 21:00:00,54.54210217273354,30.39828392154517
2024-01-28 22:00:00,61.99966708758728,26.67463819476711
2024-01-28 23:00:00,49.91430317139352,27.482990814795503
2024-01-29 00:00:00,45.54492705622451,40.90408148838788
2024-01-29 01:00:00,28.395504401654016,29.704529111265376
2024-01-29 02:00:00,57.35911391200033,24.880846816079405
2024-01-29 03:00:00,49.61221321001248,26.684307144233593
2024-01-29 04:00:00,40.41045808112642,37.91782520264574
2024-01-29 05:00:00,51.59573031384986,
2024-01-29 06:00:00,44.2848538363242,33.970970811499946
2024-01-29 07:00:00,44.62907910632768,28.16268647284685
2024-01-29 08:00:00,55.76808542056572,33.89555550285449
2024-01-29 09:00:00,36.11369496512605,25.293824888939152
2024-01-29 10:00:00,59.763889394496545,27.89827643985467
2024-01-29 11:00:00,35.10832354001598,36.42115141073236
2024-01-29 12:00:00,42.25420771551338,35.669568581898105
2024-01-29 13:00:00,67.90866240987215,22.593556206547944
2024-01-29 14:00:00,59.75301947878131,23.39577161751618
2024-01-29 15:00:00,49.25842260436245,30.063170670432324
2024-01-29 16:00:00,38.682972884566816,41.30328386578507
2024-01-29 17:00:00,42.604762819549336,15.729841108549909
2024-01-29 18:00:00,48.443099549422904,31.005941625953028
2024-01-29 19:00:00,47.90241376196198,19.34453052526258
2024-01-29 20:00:00,46.43959964401619,24.456183755381147
2024-01-29 21:00:00,46.86571426545987,26.265647579417355
2024-01-29 22:00:00,44.860924247097465,25.793747487326847
2024-01-29 23:00:00,32.4207233897092,24.921941723784727
2024-01-30 00:00:00,41.51672315732684,28.63075235547977
2024-01-30 01:00:00,55.67515082904198,24.755919763553734
2024-01-30 02:00:00,32.698672349520095,18.18856267560929
2024-01-30 03:00:00,44.34584556020104,33.808590534148195
2024-01-30 04:00:00,37.90977114049143,33.54406362895979
2024-01-30 05:00:00,47.09348163872091,34.101382964384015
2024-01-30 06:00:00,41.97329064694559,17.340007240785265
2024-01-30 07:00:00,60.520391335797115,30.144375411236823
2024-01-30 08:00:00,50.706502015354815,32.711445440261045
2024-01-30 09:00:00,32.42442178862542,20.689700957848988
2024-01-30 10:00:00,52.164254212027096,27.901758064684124
2024-01-30 11:00:00,37.622870918790404,26.954047232169433
2024-01-30 12:00:00,39.5248792445099,40.59430553364824
2024-01-30 13:00:00,48.36665412990801,41.103058909978195
2024-01-30 14:00:00,40.25289342046324,15.91445554480173
2024-01-30 15:00:00,54.04921303535792,44.956859826417194
2024-01-30 16:00:00,37.33431137115846,21.02829652974164
2024-01-30 17:00:00,38.85724502621692,34.23620872415158
2024-01-30 18:00:00,38.45889839927164,34.10274141858373
2024-01-30 19:00:00,39.3507566904183,20.278351668916464
2024-01-30 20:00:00,55.992263467138116,30.641179839661874
2024-01-30 21:00:00,51.29019328128922,26.376911408376383
2024-01-30 22:00:00,62.112227747027035,30.95254575372279
2024-01-30 23:00:00,67.70844520884359,28.630800626081026
2024-01-31 00:00:00,34.75267156021229,35.33562474615645
2024-01-31 01:00:00,45.8004472851319,27.435517844659035
2024-01-31 02:00:00,,25.680417337145492
2024-01-31 03:00:00,37.41848365159371,34.477164970459825
2024-01-31 04:00:00,38.95541999909032,30.81805340114049
2024-01-31 05:00:00,34.75463302698583,31.829949962407433
2024-01-31 06:00:00,34.88535879999798,22.008553141965486
2024-01-31 07:00:00,44.04741511483137,19.298673337564953
2024-01-31 08:00:00,33.4169303661917,22.597779672489047
2024-01-31 09:00:00,54.106905150159854,22.183894708559535
2024-01-31 10:00:00,36.61711032578869,31.99235519820726
2024-01-31 11:00:00,74.00664544822214,33.28168841264276
2024-01-31 12:00:00,41.52051929306962,25.32626860646404
2024-01-31 13:00:00,46.88483206639917,36.3925514945126
2024-01-31 14:00:00,33.3481932677481,35.92091465705518
2024-01-31 15:00:00,63.505892054437304,28.012519630709154
2024-01-31 16:00:00,57.78952166838351,20.524185187287834
2024-01-31 17:00:00,49.71912540018049,37.27538014771582
2024-01-31 18:00:00,33.44303464014986,25.792566682648975
2024-01-31 19:00:00,49.18418430733643,27.07642975405764
2024-01-31 20:00:00,36.0347334958145,23.791275604325296
2024-01-31 21:00:00,62.04890029104446,19.916878816624372
2024-01-31 22:00:00,55.69806791106053,15.843508343775621
2024-01-31 23:00:00,48.74543935301785,30.53431811377205
2024-02-01 00:00:00,23.616055140911453,20.60237877144812
2024-02-01 01:00:00,38.337921555876974,47.48654969404466
2024-02-01 02:00:00,55.245135238342016,18.45266669590356
2024-02-01 03:00:00,60.69463716929695,17.240567231207418
2024-02-01 04:00:00,59.85826426661465,29.601996060928204
2024-02-01 05:00:00,33.04934309732762,36.726722483033754
2024-02-01 06:00:00,52.18969200626115,26.46588551234387
2024-02-01 07:00:00,59.53545044841888,30.013414715748773
2024-02-01 08:00:00,33.00414768861639,13.098578411634726
2024-02-01 09:00:00,49.71637928798055,21.258256641603733
2024-02-01 10:00:00,52.74212463659037,18.484690169933806
2024-02-01 11:00:00,47.20432459301512,12.735578184912054
2024-02-01 12:00:00,31.898253724446718,26.822395291448274
2024-02-01 13:00:00,47.37006417522451,10.308109335412311
2024-02-01 14:00:00,47.56007550813187,16.75863257593465
2024-02-01 15:00:00,49.55704410325158,22.261479402580868
2024-02-01 16:00:00,45.60589081235643,20.212393302393203
2024-02-01 17:00:00,47.011166935418856,28.81753428575271
2024-02-01 18:00:00,51.24240717065935,28.194734256825946
2024-02-01 19:00:00,56.25935167981626,32.32697416386381
2024-02-01 20:00:00,48.98268867192915,31.353484601382853
2024-02-01 21:00:00,48.11909917492567,34.09060190473541
2024-02-01 22:00:00,53.32391504798437,26.11128800103277
2024-02-01 23:00:00,33.37183489907014,28.27047144842368
2024-02-02 00:00:00,57.52748467847303,29.749957992140796
2024-02-02 01:00:00,52.92285568570274,27.185780439573765
2024-02-02 02:00:00,53.491691730923634,23.44029663785607
2024-02-02 03:00:00,62.86299728509911,23.921672596935025
2024-02-02 04:00:00,33.88274529311868,20.55560315802868
2024-02-02 05:00:00,33.821887433717,29.261186535501885
2024-02-02 06:00:00,56.44141007028357,25.684720848880016
2024-02-02 07:00:00,53.76892001602693,21.73515641159191
2024-02-02 08:00:00,55.671909093538396,21.777776793373327
2024-02-02 09:00:00,49.47202839775848,17.978373885196554
2024-02-02 10:00:00,60.85288998568029,33.34226905663461
2024-02-02 11:00:00,63.64448891927072,27.081441260614014
2024-02-02 12:00:00,59.25917505724443,20.53376087967174
2024-02-02 13:00:00,51.90464778569727,32.27692590940329
2024-02-02 14:00:00,33.52178492704559,22.739148862216094
2024-02-02 15:00:00,62.36880465464007,16.863433616506654
2024-02-02 16:00:00,66.96337535814062,33.90556986560228
2024-02-02 17:00:00,61.25308039220368,23.04681824474879
2024-02-02 18:00:00,46.06413443483861,23.99507288969719
2024-02-02 19:00:00,61.6431278321338,27.197859953941865
2024-02-02 20:00:00,63.5465914497311,34.96129893238014
2024-02-02 21:00:00,70.556989927759,27.15832798927123
2024-02-02 22:00:00,46.22663609856079,18.680433845511203
2024-02-02 23:00:00,52.733439376441055,30.938849341857694
2024-02-03 00:00:00,62.47227981197089,23.795483700157078
2024-02-03 01:00:00,55.56655555880355,40.46580042284282
2024-02-03 02:00:00,43.803408165367436,27.303608809155794
2024-02-03 03:00:00,59.09843755083259,11.728479483393029
2024-02-03 04:00:00,60.70588509807778,29.938703713102147
2024-02-03 05:00:00,55.75735262096239,41.11386670149508
2024-02-03 06:00:00,57.02356078202305,38.59874172327551
2024-02-03 07:00:00,52.18226011486634,40.45065309385295
2024-02-03 08:00:00,69.4854372403044,20.56335202825328
2024-02-03 09:00:00,,34.155437852667056
2024-02-03 10:00:00,48.671738245972904,
2024-02-03 11:00:00,54.564043996535354,29.48066520856967
2024-02-03 12:00:00,63.1452402778548,19.07148211023816
2024-02-03 13:00:00,39.275918554291195,23.543344227662967
2024-02-03 14:00:00,41.03325621428406,23.394037526214426
2024-02-03 15:00:00,33.63833218619843,34.4916937675388
2024-02-03 16:00:00,54.214992518494476,33.88166349457634
2024-02-03 17:00:00,42.57065600292239,30.289938548105503
2024-02-03 18:00:00,49.76737106172651,18.97553648121574
2024-02-03 19:00:00,60.079540607642464,26.323978390651536
2024-02-03 20:00:00,46.89720197597026,23.36025571922837
2024-02-03 21:00:00,55.46656962596922,34.749033032475445
2024-02-03 22:00:00,49.99601606847512,36.9874093519046
2024-02-03 23:00:00,59.54099487309833,36.21417393611394
2024-02-04 00:00:00,57.39669410408021,23.612810711874467
2024-02-04 01:00:00,45.547046110089084,9.802964302513494
2024-02-04 02:00:00,50.596553883464594,16.691755206567837
2024-02-04 03:00:00,62.53323064806652,39.09307743433484
2024-02-04 04:00:00,55.83865261728618,26.41447662432281
2024-02-04 05:00:00,37.74104396941636,24.05009859753013
2024-02-04 06:00:00,58.0696563167454,40.88600426947556
2024-02-04 07:00:00,40.46755345690816,38.32597900739494
2024-02-04 08:00:00,65.23669402788805,
2024-02-04 09:00:00,61.14852585542987,27.58164646497528
2024-02-04 10:00:00,53.60079098701852,28.793819276440782
2024-02-04 11:00:00,52.06744497002444,31.39184918090409
2024-02-04 12:00:00,48.19711483025042,41.08530844792051
2024-02-04 13:00:00,56.86449880833206,
2024-02-04 14:00:00,46.16316192048341,35.13383008549618
2024-02-04 15:00:00,52.01855066608536,38.31982677891884
2024-02-04 16:00:00,58.174689211244456,22.030454605601488
2024-02-04 17:00:00,43.630719141011916,35.58537576180994
2024-02-04 18:00:00,42.88160021134828,28.32238634728817
2024-02-04 19:00:00,36.89627614111301,12.854559554743478
2024-02-04 20:00:00,37.993620541606724,15.652694644790111
2024-02-04 21:00:00,30.155175580134898,23.505475016411165
2024-02-04 22:00:00,55.54090673037631,34.43300333044233
2024-02-04 23:00:00,66.13830497429572,31.592870045021506
2024-02-05 00:00:00,62.112376087222295,32.16832680307548
2024-02-05 01:00:00,31.41188519104626,44.61547003847991
2024-02-05 02:00:00,54.73896003232224,22.155928003202547
2024-02-05 03:00:00,61.53351634646457,30.927760295922518
2024-02-05 04:00:00,42.571057775783174,33.33059489886747
2024-02-05 05:00:00,47.98530264739192,26.124866269806684
2024-02-05 06:00:00,26.72882680833763,31.555742142423533
2024-02-05 07:00:00,49.31758925787574,20.2358972776846
2024-02-05 08:00:00,35.86291528128313,41.382350783795964
2024-02-05 09:00:00,48.34922584405943,26.81851337832476
2024-02-05 10:00:00,30.60154042944324,45.88573438363314
2024-02-05 11:00:00,51.50941859529966,31.514007911761453
2024-02-05 12:00:00,56.20003292320737,
2024-02-05 13:00:00,38.004199086589644,31.516698327541572
2024-02-05 14:00:00,34.3550915492646,31.74764242039786
2024-02-05 15:00:00,24.05982858375387,27.946822849126008
2024-02-05 16:00:00,42.85926827854532,32.940191395889194
2024-02-05 17:00:00,39.618579630903696,34.402696289856706
2024-02-05 18:00:00,29.84336524033776,26.756332688735185
2024-02-05 19:00:00,49.810852887259024,31.439293309435694
2024-02-05 20:00:00,40.7162595698745,28.11136956117722
2024-02-05 21:00:00,34.40220628401592,48.546133670483876
2024-02-05 22:00:00,,31.885730681255296
2024-02-05 23:00:00,55.78510648387807,43.394740980408095
2024-02-06 00:00:00,51.07047517033664,31.271910517322503
2024-02-06 01:00:00,43.71849770196751,34.51828489645369
2024-02-06 02:00:00,51.19610782371856,23.51455422448079
2024-02-06 03:00:00,33.390907917727986,29.694226249238444
2024-02-06 04:00:00,45.32737758344764,34.355883219318024
2024-02-06 05:00:00,46.489221893363464,44.04132258818956
2024-02-06 06:00:00,40.33860704428467,34.54905477301106
2024-02-06 07:00:00,49.42114415094156,42.73579747316121
2024-02-06 08:00:00,37.30037866656701,37.588114701277675
2024-02-06 09:00:00,50.24957024470474,44.54672954693015
2024-02-06 10:00:00,50.7250173906896,
2024-02-06 11:00:00,16.098218343593548,49.986167871530554
2024-02-06 12:00:00,57.24447259582765,29.904571695928098
2024-02-06 13:00:00,14.944774967523102,27.983415238630606
2024-02-06 14:00:00,39.34824375387047,24.923127738161998
2024-02-06 15:00:00,55.85764394915789,49.754047175874646
2024-02-06 16:00:00,42.534356507556154,39.21489262723792
2024-02-06 17:00:00,31.155875747243847,31.180289805498138
2024-02-06 18:00:00,,42.301141790448845
2024-02-06 19:00:00,56.32939169978443,38.40913197376976
2024-02-06 20:00:00,26.97695466656576,47.39392234533725
2024-02-06 21:00:00,57.62018687189255,22.830367673390114
2024-02-06 22:00:00,45.923900889235895,31.84025346124062
2024-02-06 23:00:00,34.70173363455823,30.49109637003244
2024-02-07 00:00:00,40.951158610188095,19.942320840132815
2024-02-07 01:00:00,36.77227377679795,41.20811246519957
2024-02-07 02:00:00,55.774280941247234,31.91912550537366
2024-02-07 03:00:00,54.608831888456685,39.01374478390622
2024-02-07 04:00:00,30.27018094456095,50.37748983033369
2024-02-07 05:00:00,,31.40746549819294
2024-02-07 06:00:00,39.197315254888466,30.951501472112753
2024-02-07 07:00:00,60.95377494591539,34.74793008700173
2024-02-07 08:00:00,34.71062676531407,40.844020770808974
2024-02-07 09:00:00,64.44995605947068,29.980599428676435
2024-02-07 10:00:00,48.27352875402845,29.543447429836444
2024-02-07 11:00:00,37.188362184219265,41.37137274001054
2024-02-07 12:00:00,42.23826416172491,36.630668871011764
2024-02-07 13:00:00,41.1998341030051,19.67451406683271
2024-02-07 14:00:00,36.67621587453361,25.41555694356662
2024-02-07 15:00:00,50.578048508882624,44.50590507838677
2024-02-07 16:00:00,37.558647071775596,36.8129716483587
2024-02-07 17:00:00,28.24244471043534,28.66458596487331
2024-02-07 18:00:00,46.4575662735148,32.805837666950836
2024-02-07 19:00:00,32.43355171903077,34.088374276279914
2024-02-07 20:00:00,43.147485539111464,39.14112919801103
2024-02-07 21:00:00,41.78388441646979,24.476697881086732
2024-02-07 22:00:00,42.36705293799846,28.089714304247536
2024-02-07 23:00:00,71.29127166614222,35.87713940130256
2024-02-08 00:00:00,52.045958565242636,33.255976409278524
2024-02-08 01:00:00,54.13318295507218,37.94448566770144
2024-02-08 02:00:00,34.11020454358057,25.31986187803051
2024-02-08 03:00:00,45.526017485482676,36.409552552792164
2024-02-08 04:00:00,54.4065507590503,41.532278477763775
2024-02-08 05:00:00,42.19219916542773,37.278775470567034
2024-02-08 06:00:00,61.69784942634584,34.82300023668485
2024-02-08 07:00:00,40.765444699659355,33.154534651089
2024-02-08 08:00:00,50.09909153386281,27.956603201710788
2024-02-08 09:00:00,47.267435902509575,33.26976303659214
2024-02-08 10:00:00,54.930928618701145,42.56324821192547
2024-02-08 11:00:00,47.03688400394774,32.88203624506876
2024-02-08 12:00:00,50.88093669314885,27.454923958125566
2024-02-08 13:00:00,51.37042877072327,30.20453964848801
2024-02-08 14:00:00,46.52323107911648,35.02135447610135
2024-02-08 15:00:00,58.84671354348549,30.964368411915714
2024-02-08 16:00:00,56.50138870681874,36.93810005598851
2024-02-08 17:00:00,53.34594819388275,37.16135725533046
2024-02-08 18:00:00,50.034740688305305,39.6832873764605
2024-02-08 19:00:00,62.40446824584446,43.38277374540407
2024-02-08 20:00:00,52.1726838893936,40.34483744466092
2024-02-08 21:00:00,51.548186609022785,26.788657578123207
2024-02-08 22:00:00,55.73818167538334,26.95665001835865
2024-02-08 23:00:00,71.72512668796472,32.702626763012645
2024-02-09 00:00:00,41.415414851208396,30.025032378579873
2024-02-09 01:00:00,62.56889786607257,25.163823998313237
2024-02-09 02:00:00,35.981515118283525,29.987760361566306
2024-02-09 03:00:00,57.1203274345787,29.704167634313254
2024-02-09 04:00:00,70.72420491650817,28.26766602459158
2024-02-09 05:00:00,59.87720958788522,30.703626556736552
2024-02-09 06:00:00,56.70525998005366,41.105596891364954
2024-02-09 07:00:00,49.39432177820707,34.192155477323915
2024-02-09 08:00:00,55.300418497393494,50.03998682630956
2024-02-09 09:00:00,52.45178651646474,33.86952667002535
2024-02-09 10:00:00,47.08648535368303,30.582993621263117
2024-02-09 11:00:00,52.0127460409703,32.57873461772151
2024-02-09 12:00:00,,34.28049204262844
2024-02-09 13:00:00,47.14433111515365,35.46599110717279
2024-02-09 14:00:00,46.69359734301342,46.889307933598275
2024-02-09 15:00:00,41.085638452069894,
2024-02-09 16:00:00,58.51884252913703,38.22884820578836
2024-02-09 17:00:00,59.98033924984094,33.599921256283594
2024-02-09 18:00:00,56.7513670113593,21.077192904002313
2024-02-09 19:00:00,63.9864253083637,37.398078083945805
2024-02-09 20:00:00,55.10583009645388,40.803991635009375
2024-02-09 21:00:00,58.03235869700976,25.856994067726426
2024-02-09 22:00:00,57.02858088851969,31.720487943936263
2024-02-09 23:00:00,52.94583730686024,19.630567455741087
2024-02-10 00:00:00,48.41734752110027,22.82068302946321
2024-02-10 01:00:00,75.72495320119475,38.892107797855616
2024-02-10 02:00:00,48.9155581581235,28.213882440041843
2024-02-10 03:00:00,46.621968961938265,23.63943256889905
2024-02-10 04:00:00,57.46082750840616,32.92892328194876
2024-02-10 05:00:00,55.47383947864946,27.586886979902086
2024-02-10 06:00:00,38.73681592258779,27.86855585172967
2024-02-10 07:00:00,63.83611611360757,36.2596177686215
2024-02-10 08:00:00,51.48746054609847,22.871759594351513
2024-02-10 09:00:00,41.135950969983234,24.585458434378804
2024-02-10 10:00:00,63.94506122796004,31.920296084827044
2024-02-10 11:00:00,58.12236291670635,37.545960568003174
2024-02-10 12:00:00,39.02533596476297,39.345240147051584
2024-02-10 13:00:00,69.24483277208734,25.940417686528846
2024-02-10 14:00:00,,37.07496158395522
2024-02-10 15:00:00,50.96821710331848,24.941577059379625
2024-02-10 16:00:00,66.76799097028955,43.13110196624237
2024-02-10 17:00:00,52.25290249426593,22.328151905722166
2024-02-10 18:00:00,50.172070110045276,39.48069848746991
2024-02-10 19:00:00,43.64208973351471,25.50266308575728
2024-02-10 20:00:00,55.85535987598728,44.10746747685475
2024-02-10 21:00:00,54.59458576938142,34.07065745673078
2024-02-10 22:00:00,49.7673557108706,22.735996478243226
2024-02-10 23:00:00,41.513347653703164,26.109208577787463
2024-02-11 00:00:00,50.506185197637194,35.15001416745203
2024-02-11 01:00:00,48.30395099564376,36.967262576692804
2024-02-11 02:00:00,35.463980357586195,29.020922580440022
2024-02-11 03:00:00,33.8794699710393,29.74592984986274
2024-02-11 04:00:00,54.050431593039086,34.65942921738216
2024-02-11 05:00:00,22.184098264264424,30.19146477577769
2024-02-11 06:00:00,50.06428966682925,20.13257688590188
2024-02-11 07:00:00,43.04001084333079,23.414880647046086
2024-02-11 08:00:00,60.71774722742743,30.670514477361017
2024-02-11 09:00:00,42.51914362558375,37.452451149440954
2024-02-11 10:00:00,53.87163222010453,40.175808846286856
2024-02-11 11:00:00,43.135343136716344,34.24098853303673
2024-02-11 12:00:00,48.074680769984084,30.716196261417608
2024-02-11 13:00:00,54.14359882354076,33.86829845836267
2024-02-11 14:00:00,41.99330837330955,23.88138169900449
2024-02-11 15:00:00,56.43391557966251,27.398687231403805
2024-02-11 16:00:00,36.387019582487746,22.62571867914423
2024-02-11 17:00:00,49.131939422052604,19.577461977229945
2024-02-11 18:00:00,55.28104141803283,30.578259579061296
2024-02-11 19:00:00,52.530500886890486,29.467528267583972
2024-02-11 20:00:00,64.97712124651483,32.90881584121268
2024-02-11 21:00:00,38.06809443037777,31.84517127923715
2024-02-11 22:00:00,31.808270093985165,29.648896682893433
2024-02-11 23:00:00,,31.775591320900183
2024-02-12 00:00:00,52.021817925906205,27.51030128551059
2024-02-12 01:00:00,50.317292821461656,30.63008190806664
2024-02-12 02:00:00,46.28939376249479,22.588571440924746
2024-02-12 03:00:00,33.97423648737128,30.19227441884839
2024-02-12 04:00:00,52.8177852435441,32.217047164464915
2024-02-12 05:00:00,32.855790327232064,22.785212283242952
2024-02-12 06:00:00,56.65456050820544,27.771762641199945
2024-02-12 07:00:00,73.61024185311487,22.98080060157576
2024-02-12 08:00:00,48.679779080662804,23.598703374273583
2024-02-12 09:00:00,50.83441176207526,19.349155513273317
2024-02-12 10:00:00,40.07146902573608,36.02470118891998
2024-02-12 11:00:00,26.903348996970795,34.56591938772135
2024-02-12 12:00:00,38.99237385409981,30.811262573702887
2024-02-12 13:00:00,34.11334568332589,40.79898035888526
2024-02-12 14:00:00,30.603588816267422,25.614576730609283
2024-02-12 15:00:00,62.33712196691984,48.10864980591694
2024-02-12 16:00:00,47.89051793428473,25.241974663968058
2024-02-12 17:00:00,49.015537043843054,28.57077549203876
2024-02-12 18:00:00,42.19350580389212,23.951113690083428
2024-02-12 19:00:00,43.62827363473281,29.29439187279456
2024-02-12 20:00:00,55.083805909607676,32.49140871126881
2024-02-12 21:00:00,45.204161002237605,25.800138095718673
2024-02-12 22:00:00,50.931468249172624,38.99151711110354
2024-02-12 23:00:00,,28.18694390599441
2024-02-13 00:00:00,42.41959737953654,28.3662307926061
2024-02-13 01:00:00,31.89120938625102,20.071314237559196
2024-02-13 02:00:00,26.309097438857528,29.326804188025857
2024-02-13 03:00:00,43.60399920718251,25.423696298215713
2024-02-13 04:00:00,46.92417750643611,22.0703639012853
2024-02-13 05:00:00,33.64382248861031,20.860469986497925
2024-02-13 06:00:00,46.31235309181882,44.96749101024294
2024-02-13 07:00:00,47.352409061747025,24.39178408026757
2024-02-13 08:00:00,25.418113977218745,16.00983793291608
2024-02-13 09:00:00,,21.295442161547058
2024-02-13 10:00:00,51.3928978932912,25.79793063204707
2024-02-13 11:00:00,51.36900678525507,29.96315494680994
2024-02-13 12:00:00,36.144173256083256,29.999318392553846
2024-02-13 13:00:00,49.4519314477584,30.832987439465583
2024-02-13 14:00:00,58.281753525550464,21.565300352732134
2024-02-13 15:00:00,56.02201278433377,28.44674414726361
2024-02-13 16:00:00,47.495062774234945,19.917291756195183
2024-02-13 17:00:00,43.967489153476926,21.69996856053163
2024-02-13 18:00:00,42.555487266301185,19.602987842916733
2024-02-13 19:00:00,53.730807854322265,17.69943425642424
2024-02-13 20:00:00,51.20897220855037,33.46055640310354
2024-02-13 21:00:00,55.75858311533403,30.82603686556793
2024-02-13 22:00:00,50.9908212409822,32.8388110767779
2024-02-13 23:00:00,58.067831886501175,26.27547859099566
2024-02-14 00:00:00,51.03443495510407,31.43781058647748
2024-02-14 01:00:00,58.14356038902991,13.672736407830879
2024-02-14 02:00:00,59.21254955039058,32.046715696038476
2024-02-14 03:00:00,42.665828731390434,27.25001654267325
2024-02-14 04:00:00,32.83519339045442,30.40675122765898
2024-02-14 05:00:00,66.55551009682384,28.685682090977842
2024-02-14 06:00:00,53.88917134870466,19.126392859667476
2024-02-14 07:00:00,,15.561480977302365
2024-02-14 08:00:00,,21.0770760255329
2024-02-14 09:00:00,59.63217749160459,30.031281317522325
2024-02-14 10:00:00,49.307424443505404,30.92460810463691
2024-02-14 11:00:00,47.17068416463639,16.537175371518746
2024-02-14 12:00:00,66.4832451908928,19.265565959903405
2024-02-14 13:00:00,42.18038809584225,21.09278016078808
2024-02-14 14:00:00,44.84595326703691,
2024-02-14 15:00:00,55.11067075879401,16.670406430749168
2024-02-14 16:00:00,57.065472457042006,16.27754232708021
2024-02-14 17:00:00,58.28298368821786,20.5078354574335
2024-02-14 18:00:00,62.584801719097015,26.89486013703733
2024-02-14 19:00:00,55.60504777179417,18.05893337102121
2024-02-14 20:00:00,58.65365871472752,25.54607546705523
2024-02-14 21:00:00,51.301757972762765,33.801757273606086
2024-02-14 22:00:00,54.648105659593824,17.316182886858055
2024-02-14 23:00:00,55.216756383344794,25.02182424094376
